Name	Link	Acceptance	When	Where	Dealine	Notification	Poster	ResearchArea	Color
TOIT-Edge-AI 	https://dl.acm.org/pb-assets/static_journal_pages/toit/pdf/ACM-TOIT-CfP-EdgeAIConnectedLiving-1586834694673.pdf	?	15-Apr	ACM	1-Oct-20	15-Dec			
ISCV 2020	https://www.isvc.net/	12 pages	Oct 5-7	California	<b>Aug 31</b>	Sep 21	NetScatterplot		
IEEE QN	https://indico.cern.ch/event/737461/page/17373-important-dates	?	Oct 12-16	California	Aug 23	15-Sep			
BigData 2020	http://bigdataieee.org/BigData2020/ImportantDates.html		Dec 10-13	Atlanta	<b>Aug 19</b>	Oct 16			
VINCI '20	https://vinci-conf.org/submissions.html	4-8 pages	Dec 8-10	Eindhoven	<b>Aug 17</b> <br> <b>Aug 24</b> (short)	21-Sep	PCA/UMAP Projections		
ISWEE 2020	http://www.confiswee.com/#/	7 pages	Dec 6-8	Beijing	15-Aug	1 week after			
SC20	https://sc20.supercomputing.org/	Showcase	Nov 15-20	Georgia	<b>Aug 7</b>	15-Jun	JobViewer		
HAI 2020	http://hai-conference.net/hai2020/	4-8pages		"Sydney, Australia"	Jun 19	Aug 7			
IV-2 2020	http://iv.csites.fct.unl.pt/au/		Nov 24-27	"Melbourne, Australia"	15-Jun	1-Sep			
ACM RecSys 2020	https://recsys.acm.org/recsys20/dates/	7-14 pages	Sep 22-26	"Rio de Janeiro, Brazil"	"Jun 1"	"Jul 22"			
VARE 2020	http://www.msc-les.org/conf/vare2020/index.html	4-6 pages	Sep 16- Sep 18	"Greece, Athens"	15-Jun	30-Jun	<b>TasteVR</b>		#fef
ISMAR 2020	http://ismar20.org/call-for-papers/	4-10 pages	Nov 9-13	Porto de Galinhas	"May 11-18"	15-Jul			#fef
ASONAM 2020	http://asonam.cpsc.ucalgary.ca/2020/index.php	4-8 pages	Dec 7-10	"Hague, Netherlands"	<b>Aug 16</b>	1-Oct			#adf
IMMM 2020	https://www.iaria.org/conferences2020/IMMM20.html	4-6 pages	Sep 27 - Oct 1	"Rome, Italy"	15-Jun	18-Jul			#adf
ICDM 2020	http://www.data-mining-forum.de/call_for_papers.php	15 pages	Jul 15 - 19	New York	15-Feb	10-Apr			#adf
KDD 2020	https://www.kdd.org/kdd2020/calls	9 pages	Aug 22 - 27	San Diego	13-Feb	15-May			#adf
VISxAI	https://visxai.io/	?	26-Oct	"Salt Lake City, Utah"	<b>Aug 24</b>	Sep 24			#fdc
MLUI	https://learningfromusersworkshop.github.io/	?	26-Oct	"Salt Lake City, Utah"	Jul 24	12-Aug			#fdc
TREX	https://trexvis.github.io/Workshop2020/index.html	TRust and Experience		"Utah, USA"	Jul 24	12-Aug	MisInfo		#fdc
VizSec 20	https://vizsec.org/vizsec2020/#cfp	9 +2	Oct 25-30 	"Utah, USA"	Jul 22	13-Aug			#fdc
VSD 20	http://www.visualdatascience.org/2020/index.html	9 +2		"Utah, USA"	Jul 17	Sep 4	RadarView		#fdc
VIS	http://ieeevis.org/year/2020/welcome	Short paper	Oct 25-30	"Salt Lake City, Utah"	Jul 13	18-Aug			#fdc
IAIT2020	http://www.iait-conf.org/2020/	5-10 pages	Jul 1-3	"Bangkok, Thailand"	12-May	11-May			
PEARC20	https://pearc.hosting2.acm.org/pearc20/program/call-for-participation/	Viz Showcase	Jul 26 - 30	"Portland, OR"	1-May	22-May			#ffe
PEARC20	https://pearc.hosting2.acm.org/pearc20/program/call-for-participation/	4-8 pages	Jul 26 - 30	"Portland, OR"	17-Feb	17-Apr			#ffd
EICS 2020 (Full paper)	https://eics.acm.org/2020/index.html#submissions	TBA	Jun 23 - 26	"Sophia Antipolis, France"	Feb 14 - Mar 9 (short)	24-Apr			#dfd
COMPSAC 2020	https://ieeecompsac.computer.org/2020/important-dates/	10 pages	Jul 13 - 17	"Madrid, Spain"	31-Jan	3-Apr			#ffd
DIS 2020	https://dis.acm.org/2020/	10 pages	Jul 6 - 10	"Eindhoven, Netherlands"	Jan 24 (abs) - Jan 31 (full)	9-Apr			#dfd
GI 2020	https://graphicsinterface.org/conference/2020/submissions/cfp/	8 pages?	May 21 - 22	"Toronto, Canada"	3-Apr	15-Jan			#dfd
CHIStudent	https://chi2020.acm.org/authors/student-research-competition/	6 pages	Apr 25 - 30	"Honolulu, Hawaii"	6-Jan	29-Jan			#dfd
SBIR/STTR 	https://techconnectworld.com/World2020/participate/innovation/		Jun 29 - Jul 1	Washington DC	28-Feb				#eee
MLVis2020	https://www.tuni.fi/mlvis2020/	4 pages	N/A	"Norrkoping, Sweden"	3-Apr	20-Apr			#fed
EnvirVis 2020	https://www.informatik.uni-leipzig.de/bsv/envirvis2020/	4-8 pages	with EuroVis	"Norrkoping, Sweden"	6-Mar	25-Mar			#fed
EuroVA 2020	https://www.eurova.org/eurova-2020	4+ 1	May 25-29	"Norrkoping, Sweden"	2-Mar	4-Apr			#fed
MolVA 2020	http://decibel.fi.muni.cz/~xbyska/molva/	2-4/8 pages	25-May	"Norrkoping, Sweden"	29-Feb	3-Apr			#fed
EuroVis2020	https://conferences.eg.org/egev20/for-submitters/eurovis-for-submitters/eurovis-short-papers/	4 pages	May 25-29	"Norrkoping, Sweden"	21-Feb	24-Mar	Short		#fdc
EuroVis2020	https://conferences.eg.org/egev20/for-submitters/eurovis-for-submitters/eurovis-full-papers/	10 pages	May 25-29	"Norrkoping, Sweden"	Nov 28 (abs.)	11-Feb	Full		#fdc
Eurographics	https://conferences.eg.org/egev20/for-submitters/eurographics-for-submitters/eurographics-short-papers/	Educational	May 25-29	 	21-Jan	28-Feb			#fed
SSIAI	http://ivpcl.unm.edu/SSIAI2020/SSIAI_2020_CFP_onePage.pdf	4 pages	Mar 28 - Apr 1 2020	"Santa Fe, NM"	1-Dec	31-Jan			#dfd
IEEE VR 3DUI	http://ieeevr.org/2020/contribute/3dui-contest.html	2 pages	Mar 22 - 26	"Atlanta, GA"	Dec 1 (reg.)	15-Jan			#fef